{
  "image_width": 6000,
  "image_height": 4000,
  "fx": 5122.599547044543,
  "fy": 5121.021245231743,
  "cx": 2999.7957993511764,
  "cy": 1946.8328623750165,
  "dist": [
    0.015436951209608918,
    0.03552821207147886,
    -0.003081506061929604,
    -0.0009779246144867332,
    -0.0311774703799087
  ],
  "camera_position_m": [
    0.5479405574685793,
    0.07602092984798499,
    -0.7614014206516871
  ],
  "camera_rotation_xyzw": [
    0.04545541562918734,
    -0.3919374001206009,
    -0.007030691522785926,
    0.9188413622347403
  ],
  "use_ransac": false,
  "inlier_indices": [
    0,
    1,
    2,
    3,
    4,
    5,
    6,
    7,
    8,
    9,
    10,
    11,
    12,
    13
  ],
  "reprojection_error_mean_all_px": 5.362400531768799,
  "reprojection_error_mean_inliers_px": 5.362400531768799,
  "reprojection_error_max_all_px": 14.729777336120605
}