{
  "image_width": 6000,
  "image_height": 4000,
  "fx": 5197.357154937353,
  "fy": 5188.44332450745,
  "cx": 3018.5912148149823,
  "cy": 1989.3274864747789,
  "dist": [
    0.02102063630606595,
    0.06606737774480237,
    -0.0010678950133187536,
    0.002612728258627318,
    -0.09204724959383798
  ],
  "camera_position_m": [
    0.5611352656047052,
    0.0701169231934011,
    -0.7721272451848361
  ],
  "camera_rotation_xyzw": [
    0.04555489436587032,
    -0.39112088864271183,
    -0.004056259961247586,
    0.9192022349960735
  ],
  "use_ransac": false,
  "inlier_indices": [
    0,
    1,
    2,
    3,
    4,
    5,
    6,
    7,
    8,
    9,
    10,
    11,
    12,
    13
  ],
  "reprojection_error_mean_all_px": 8.657821655273438,
  "reprojection_error_mean_inliers_px": 8.657821655273438,
  "reprojection_error_max_all_px": 23.283937454223633
}